idx	stage	U_label	U	beta	target_T	actual_T	Ltau	Ntot	Nup	Ndn	density	account	job_tag	outdir	seed	nwarmups	max_batches	batch_nsamples	measure_interval	cluster_size	Lx	Ly	dtau	expected_ranks	phase_reweighted	force_symmetry
0	attractive	Um5	-5.0	2.0	0.500000000000	0.500000000000	20	12	6	6	0.333333333333	ccsd	ceL6Um5N12b2p0	/home/9pm/nUHubbard/runs/ce_eqtime_L6_thermometry_20260719/attractive/Um5/Ntot012_n0.333333_b2p0_T0.500000_Nup006_Ndn006_r32_w5000_m50000_seed1907190000	1907190000	5000	50000	1	3	36	6	6	0.1	32	false	driver_default
1	attractive	Um5	-5.0	2.2	0.454545454545	0.454545454545	22	12	6	6	0.333333333333	ccsd	ceL6Um5N12b2p2	/home/9pm/nUHubbard/runs/ce_eqtime_L6_thermometry_20260719/attractive/Um5/Ntot012_n0.333333_b2p2_T0.454545_Nup006_Ndn006_r32_w5000_m50000_seed1907190001	1907190001	5000	50000	1	3	36	6	6	0.1	32	false	driver_default
2	attractive	Um5	-5.0	2.5	0.400000000000	0.400000000000	25	12	6	6	0.333333333333	ccsd	ceL6Um5N12b2p5	/home/9pm/nUHubbard/runs/ce_eqtime_L6_thermometry_20260719/attractive/Um5/Ntot012_n0.333333_b2p5_T0.400000_Nup006_Ndn006_r32_w5000_m50000_seed1907190002	1907190002	5000	50000	1	3	36	6	6	0.1	32	false	driver_default
3	attractive	Um5	-5.0	2.9	0.344827586207	0.344827586207	29	12	6	6	0.333333333333	ccsd	ceL6Um5N12b2p9	/home/9pm/nUHubbard/runs/ce_eqtime_L6_thermometry_20260719/attractive/Um5/Ntot012_n0.333333_b2p9_T0.344828_Nup006_Ndn006_r32_w5000_m50000_seed1907190003	1907190003	5000	50000	1	3	36	6	6	0.1	32	false	driver_default
4	attractive	Um5	-5.0	3.3	0.303030303030	0.303030303030	33	12	6	6	0.333333333333	ccsd	ceL6Um5N12b3p3	/home/9pm/nUHubbard/runs/ce_eqtime_L6_thermometry_20260719/attractive/Um5/Ntot012_n0.333333_b3p3_T0.303030_Nup006_Ndn006_r32_w5000_m50000_seed1907190004	1907190004	5000	50000	1	3	36	6	6	0.1	32	false	driver_default
5	attractive	Um5	-5.0	4.0	0.250000000000	0.250000000000	40	12	6	6	0.333333333333	ccsd	ceL6Um5N12b4p0	/home/9pm/nUHubbard/runs/ce_eqtime_L6_thermometry_20260719/attractive/Um5/Ntot012_n0.333333_b4p0_T0.250000_Nup006_Ndn006_r32_w5000_m50000_seed1907190005	1907190005	5000	50000	1	3	36	6	6	0.1	32	false	driver_default
6	attractive	Um5	-5.0	5.0	0.200000000000	0.200000000000	50	12	6	6	0.333333333333	ccsd	ceL6Um5N12b5p0	/home/9pm/nUHubbard/runs/ce_eqtime_L6_thermometry_20260719/attractive/Um5/Ntot012_n0.333333_b5p0_T0.200000_Nup006_Ndn006_r32_w5000_m50000_seed1907190006	1907190006	5000	50000	1	3	36	6	6	0.1	32	false	driver_default
7	attractive	Um5	-5.0	6.7	0.149253731343	0.149253731343	67	12	6	6	0.333333333333	ccsd	ceL6Um5N12b6p7	/home/9pm/nUHubbard/runs/ce_eqtime_L6_thermometry_20260719/attractive/Um5/Ntot012_n0.333333_b6p7_T0.149254_Nup006_Ndn006_r32_w5000_m50000_seed1907190007	1907190007	5000	50000	1	3	36	6	6	0.1	32	false	driver_default
8	attractive	Um5	-5.0	10.0	0.100000000000	0.100000000000	100	12	6	6	0.333333333333	ccsd	ceL6Um5N12b10p0	/home/9pm/nUHubbard/runs/ce_eqtime_L6_thermometry_20260719/attractive/Um5/Ntot012_n0.333333_b10p0_T0.100000_Nup006_Ndn006_r32_w5000_m50000_seed1907190008	1907190008	5000	50000	1	3	36	6	6	0.1	32	false	driver_default
9	attractive	Um5	-5.0	2.0	0.500000000000	0.500000000000	20	18	9	9	0.500000000000	ccsd	ceL6Um5N18b2p0	/home/9pm/nUHubbard/runs/ce_eqtime_L6_thermometry_20260719/attractive/Um5/Ntot018_n0.500000_b2p0_T0.500000_Nup009_Ndn009_r32_w5000_m50000_seed1907190009	1907190009	5000	50000	1	3	36	6	6	0.1	32	false	driver_default
10	attractive	Um5	-5.0	2.2	0.454545454545	0.454545454545	22	18	9	9	0.500000000000	ccsd	ceL6Um5N18b2p2	/home/9pm/nUHubbard/runs/ce_eqtime_L6_thermometry_20260719/attractive/Um5/Ntot018_n0.500000_b2p2_T0.454545_Nup009_Ndn009_r32_w5000_m50000_seed1907190010	1907190010	5000	50000	1	3	36	6	6	0.1	32	false	driver_default
11	attractive	Um5	-5.0	2.5	0.400000000000	0.400000000000	25	18	9	9	0.500000000000	ccsd	ceL6Um5N18b2p5	/home/9pm/nUHubbard/runs/ce_eqtime_L6_thermometry_20260719/attractive/Um5/Ntot018_n0.500000_b2p5_T0.400000_Nup009_Ndn009_r32_w5000_m50000_seed1907190011	1907190011	5000	50000	1	3	36	6	6	0.1	32	false	driver_default
12	attractive	Um5	-5.0	2.9	0.344827586207	0.344827586207	29	18	9	9	0.500000000000	ccsd	ceL6Um5N18b2p9	/home/9pm/nUHubbard/runs/ce_eqtime_L6_thermometry_20260719/attractive/Um5/Ntot018_n0.500000_b2p9_T0.344828_Nup009_Ndn009_r32_w5000_m50000_seed1907190012	1907190012	5000	50000	1	3	36	6	6	0.1	32	false	driver_default
13	attractive	Um5	-5.0	3.3	0.303030303030	0.303030303030	33	18	9	9	0.500000000000	ccsd	ceL6Um5N18b3p3	/home/9pm/nUHubbard/runs/ce_eqtime_L6_thermometry_20260719/attractive/Um5/Ntot018_n0.500000_b3p3_T0.303030_Nup009_Ndn009_r32_w5000_m50000_seed1907190013	1907190013	5000	50000	1	3	36	6	6	0.1	32	false	driver_default
14	attractive	Um5	-5.0	4.0	0.250000000000	0.250000000000	40	18	9	9	0.500000000000	ccsd	ceL6Um5N18b4p0	/home/9pm/nUHubbard/runs/ce_eqtime_L6_thermometry_20260719/attractive/Um5/Ntot018_n0.500000_b4p0_T0.250000_Nup009_Ndn009_r32_w5000_m50000_seed1907190014	1907190014	5000	50000	1	3	36	6	6	0.1	32	false	driver_default
15	attractive	Um5	-5.0	5.0	0.200000000000	0.200000000000	50	18	9	9	0.500000000000	ccsd	ceL6Um5N18b5p0	/home/9pm/nUHubbard/runs/ce_eqtime_L6_thermometry_20260719/attractive/Um5/Ntot018_n0.500000_b5p0_T0.200000_Nup009_Ndn009_r32_w5000_m50000_seed1907190015	1907190015	5000	50000	1	3	36	6	6	0.1	32	false	driver_default
16	attractive	Um5	-5.0	6.7	0.149253731343	0.149253731343	67	18	9	9	0.500000000000	ccsd	ceL6Um5N18b6p7	/home/9pm/nUHubbard/runs/ce_eqtime_L6_thermometry_20260719/attractive/Um5/Ntot018_n0.500000_b6p7_T0.149254_Nup009_Ndn009_r32_w5000_m50000_seed1907190016	1907190016	5000	50000	1	3	36	6	6	0.1	32	false	driver_default
17	attractive	Um5	-5.0	10.0	0.100000000000	0.100000000000	100	18	9	9	0.500000000000	ccsd	ceL6Um5N18b10p0	/home/9pm/nUHubbard/runs/ce_eqtime_L6_thermometry_20260719/attractive/Um5/Ntot018_n0.500000_b10p0_T0.100000_Nup009_Ndn009_r32_w5000_m50000_seed1907190017	1907190017	5000	50000	1	3	36	6	6	0.1	32	false	driver_default
18	attractive	Um5	-5.0	2.0	0.500000000000	0.500000000000	20	26	13	13	0.722222222222	ccsd	ceL6Um5N26b2p0	/home/9pm/nUHubbard/runs/ce_eqtime_L6_thermometry_20260719/attractive/Um5/Ntot026_n0.722222_b2p0_T0.500000_Nup013_Ndn013_r32_w5000_m50000_seed1907190018	1907190018	5000	50000	1	3	36	6	6	0.1	32	false	driver_default
19	attractive	Um5	-5.0	2.2	0.454545454545	0.454545454545	22	26	13	13	0.722222222222	ccsd	ceL6Um5N26b2p2	/home/9pm/nUHubbard/runs/ce_eqtime_L6_thermometry_20260719/attractive/Um5/Ntot026_n0.722222_b2p2_T0.454545_Nup013_Ndn013_r32_w5000_m50000_seed1907190019	1907190019	5000	50000	1	3	36	6	6	0.1	32	false	driver_default
20	attractive	Um5	-5.0	2.5	0.400000000000	0.400000000000	25	26	13	13	0.722222222222	ccsd	ceL6Um5N26b2p5	/home/9pm/nUHubbard/runs/ce_eqtime_L6_thermometry_20260719/attractive/Um5/Ntot026_n0.722222_b2p5_T0.400000_Nup013_Ndn013_r32_w5000_m50000_seed1907190020	1907190020	5000	50000	1	3	36	6	6	0.1	32	false	driver_default
21	attractive	Um5	-5.0	2.9	0.344827586207	0.344827586207	29	26	13	13	0.722222222222	ccsd	ceL6Um5N26b2p9	/home/9pm/nUHubbard/runs/ce_eqtime_L6_thermometry_20260719/attractive/Um5/Ntot026_n0.722222_b2p9_T0.344828_Nup013_Ndn013_r32_w5000_m50000_seed1907190021	1907190021	5000	50000	1	3	36	6	6	0.1	32	false	driver_default
22	attractive	Um5	-5.0	3.3	0.303030303030	0.303030303030	33	26	13	13	0.722222222222	ccsd	ceL6Um5N26b3p3	/home/9pm/nUHubbard/runs/ce_eqtime_L6_thermometry_20260719/attractive/Um5/Ntot026_n0.722222_b3p3_T0.303030_Nup013_Ndn013_r32_w5000_m50000_seed1907190022	1907190022	5000	50000	1	3	36	6	6	0.1	32	false	driver_default
23	attractive	Um5	-5.0	4.0	0.250000000000	0.250000000000	40	26	13	13	0.722222222222	ccsd	ceL6Um5N26b4p0	/home/9pm/nUHubbard/runs/ce_eqtime_L6_thermometry_20260719/attractive/Um5/Ntot026_n0.722222_b4p0_T0.250000_Nup013_Ndn013_r32_w5000_m50000_seed1907190023	1907190023	5000	50000	1	3	36	6	6	0.1	32	false	driver_default
24	attractive	Um5	-5.0	5.0	0.200000000000	0.200000000000	50	26	13	13	0.722222222222	ccsd	ceL6Um5N26b5p0	/home/9pm/nUHubbard/runs/ce_eqtime_L6_thermometry_20260719/attractive/Um5/Ntot026_n0.722222_b5p0_T0.200000_Nup013_Ndn013_r32_w5000_m50000_seed1907190024	1907190024	5000	50000	1	3	36	6	6	0.1	32	false	driver_default
25	attractive	Um5	-5.0	6.7	0.149253731343	0.149253731343	67	26	13	13	0.722222222222	ccsd	ceL6Um5N26b6p7	/home/9pm/nUHubbard/runs/ce_eqtime_L6_thermometry_20260719/attractive/Um5/Ntot026_n0.722222_b6p7_T0.149254_Nup013_Ndn013_r32_w5000_m50000_seed1907190025	1907190025	5000	50000	1	3	36	6	6	0.1	32	false	driver_default
26	attractive	Um5	-5.0	10.0	0.100000000000	0.100000000000	100	26	13	13	0.722222222222	ccsd	ceL6Um5N26b10p0	/home/9pm/nUHubbard/runs/ce_eqtime_L6_thermometry_20260719/attractive/Um5/Ntot026_n0.722222_b10p0_T0.100000_Nup013_Ndn013_r32_w5000_m50000_seed1907190026	1907190026	5000	50000	1	3	36	6	6	0.1	32	false	driver_default
27	attractive	Um5	-5.0	2.0	0.500000000000	0.500000000000	20	32	16	16	0.888888888889	ccsd	ceL6Um5N32b2p0	/home/9pm/nUHubbard/runs/ce_eqtime_L6_thermometry_20260719/attractive/Um5/Ntot032_n0.888889_b2p0_T0.500000_Nup016_Ndn016_r32_w5000_m50000_seed1907190027	1907190027	5000	50000	1	3	36	6	6	0.1	32	false	driver_default
28	attractive	Um5	-5.0	2.2	0.454545454545	0.454545454545	22	32	16	16	0.888888888889	ccsd	ceL6Um5N32b2p2	/home/9pm/nUHubbard/runs/ce_eqtime_L6_thermometry_20260719/attractive/Um5/Ntot032_n0.888889_b2p2_T0.454545_Nup016_Ndn016_r32_w5000_m50000_seed1907190028	1907190028	5000	50000	1	3	36	6	6	0.1	32	false	driver_default
29	attractive	Um5	-5.0	2.5	0.400000000000	0.400000000000	25	32	16	16	0.888888888889	ccsd	ceL6Um5N32b2p5	/home/9pm/nUHubbard/runs/ce_eqtime_L6_thermometry_20260719/attractive/Um5/Ntot032_n0.888889_b2p5_T0.400000_Nup016_Ndn016_r32_w5000_m50000_seed1907190029	1907190029	5000	50000	1	3	36	6	6	0.1	32	false	driver_default
30	attractive	Um5	-5.0	2.9	0.344827586207	0.344827586207	29	32	16	16	0.888888888889	ccsd	ceL6Um5N32b2p9	/home/9pm/nUHubbard/runs/ce_eqtime_L6_thermometry_20260719/attractive/Um5/Ntot032_n0.888889_b2p9_T0.344828_Nup016_Ndn016_r32_w5000_m50000_seed1907190030	1907190030	5000	50000	1	3	36	6	6	0.1	32	false	driver_default
31	attractive	Um5	-5.0	3.3	0.303030303030	0.303030303030	33	32	16	16	0.888888888889	ccsd	ceL6Um5N32b3p3	/home/9pm/nUHubbard/runs/ce_eqtime_L6_thermometry_20260719/attractive/Um5/Ntot032_n0.888889_b3p3_T0.303030_Nup016_Ndn016_r32_w5000_m50000_seed1907190031	1907190031	5000	50000	1	3	36	6	6	0.1	32	false	driver_default
32	attractive	Um5	-5.0	4.0	0.250000000000	0.250000000000	40	32	16	16	0.888888888889	ccsd	ceL6Um5N32b4p0	/home/9pm/nUHubbard/runs/ce_eqtime_L6_thermometry_20260719/attractive/Um5/Ntot032_n0.888889_b4p0_T0.250000_Nup016_Ndn016_r32_w5000_m50000_seed1907190032	1907190032	5000	50000	1	3	36	6	6	0.1	32	false	driver_default
33	attractive	Um5	-5.0	5.0	0.200000000000	0.200000000000	50	32	16	16	0.888888888889	ccsd	ceL6Um5N32b5p0	/home/9pm/nUHubbard/runs/ce_eqtime_L6_thermometry_20260719/attractive/Um5/Ntot032_n0.888889_b5p0_T0.200000_Nup016_Ndn016_r32_w5000_m50000_seed1907190033	1907190033	5000	50000	1	3	36	6	6	0.1	32	false	driver_default
34	attractive	Um5	-5.0	6.7	0.149253731343	0.149253731343	67	32	16	16	0.888888888889	ccsd	ceL6Um5N32b6p7	/home/9pm/nUHubbard/runs/ce_eqtime_L6_thermometry_20260719/attractive/Um5/Ntot032_n0.888889_b6p7_T0.149254_Nup016_Ndn016_r32_w5000_m50000_seed1907190034	1907190034	5000	50000	1	3	36	6	6	0.1	32	false	driver_default
35	attractive	Um5	-5.0	10.0	0.100000000000	0.100000000000	100	32	16	16	0.888888888889	ccsd	ceL6Um5N32b10p0	/home/9pm/nUHubbard/runs/ce_eqtime_L6_thermometry_20260719/attractive/Um5/Ntot032_n0.888889_b10p0_T0.100000_Nup016_Ndn016_r32_w5000_m50000_seed1907190035	1907190035	5000	50000	1	3	36	6	6	0.1	32	false	driver_default
36	attractive	Um3	-3.0	2.0	0.500000000000	0.500000000000	20	12	6	6	0.333333333333	ccsd	ceL6Um3N12b2p0	/home/9pm/nUHubbard/runs/ce_eqtime_L6_thermometry_20260719/attractive/Um3/Ntot012_n0.333333_b2p0_T0.500000_Nup006_Ndn006_r32_w5000_m50000_seed1907190036	1907190036	5000	50000	1	3	36	6	6	0.1	32	false	driver_default
37	attractive	Um3	-3.0	2.2	0.454545454545	0.454545454545	22	12	6	6	0.333333333333	ccsd	ceL6Um3N12b2p2	/home/9pm/nUHubbard/runs/ce_eqtime_L6_thermometry_20260719/attractive/Um3/Ntot012_n0.333333_b2p2_T0.454545_Nup006_Ndn006_r32_w5000_m50000_seed1907190037	1907190037	5000	50000	1	3	36	6	6	0.1	32	false	driver_default
38	attractive	Um3	-3.0	2.5	0.400000000000	0.400000000000	25	12	6	6	0.333333333333	ccsd	ceL6Um3N12b2p5	/home/9pm/nUHubbard/runs/ce_eqtime_L6_thermometry_20260719/attractive/Um3/Ntot012_n0.333333_b2p5_T0.400000_Nup006_Ndn006_r32_w5000_m50000_seed1907190038	1907190038	5000	50000	1	3	36	6	6	0.1	32	false	driver_default
39	attractive	Um3	-3.0	2.9	0.344827586207	0.344827586207	29	12	6	6	0.333333333333	ccsd	ceL6Um3N12b2p9	/home/9pm/nUHubbard/runs/ce_eqtime_L6_thermometry_20260719/attractive/Um3/Ntot012_n0.333333_b2p9_T0.344828_Nup006_Ndn006_r32_w5000_m50000_seed1907190039	1907190039	5000	50000	1	3	36	6	6	0.1	32	false	driver_default
40	attractive	Um3	-3.0	3.3	0.303030303030	0.303030303030	33	12	6	6	0.333333333333	ccsd	ceL6Um3N12b3p3	/home/9pm/nUHubbard/runs/ce_eqtime_L6_thermometry_20260719/attractive/Um3/Ntot012_n0.333333_b3p3_T0.303030_Nup006_Ndn006_r32_w5000_m50000_seed1907190040	1907190040	5000	50000	1	3	36	6	6	0.1	32	false	driver_default
41	attractive	Um3	-3.0	4.0	0.250000000000	0.250000000000	40	12	6	6	0.333333333333	ccsd	ceL6Um3N12b4p0	/home/9pm/nUHubbard/runs/ce_eqtime_L6_thermometry_20260719/attractive/Um3/Ntot012_n0.333333_b4p0_T0.250000_Nup006_Ndn006_r32_w5000_m50000_seed1907190041	1907190041	5000	50000	1	3	36	6	6	0.1	32	false	driver_default
42	attractive	Um3	-3.0	5.0	0.200000000000	0.200000000000	50	12	6	6	0.333333333333	ccsd	ceL6Um3N12b5p0	/home/9pm/nUHubbard/runs/ce_eqtime_L6_thermometry_20260719/attractive/Um3/Ntot012_n0.333333_b5p0_T0.200000_Nup006_Ndn006_r32_w5000_m50000_seed1907190042	1907190042	5000	50000	1	3	36	6	6	0.1	32	false	driver_default
43	attractive	Um3	-3.0	6.7	0.149253731343	0.149253731343	67	12	6	6	0.333333333333	ccsd	ceL6Um3N12b6p7	/home/9pm/nUHubbard/runs/ce_eqtime_L6_thermometry_20260719/attractive/Um3/Ntot012_n0.333333_b6p7_T0.149254_Nup006_Ndn006_r32_w5000_m50000_seed1907190043	1907190043	5000	50000	1	3	36	6	6	0.1	32	false	driver_default
44	attractive	Um3	-3.0	10.0	0.100000000000	0.100000000000	100	12	6	6	0.333333333333	ccsd	ceL6Um3N12b10p0	/home/9pm/nUHubbard/runs/ce_eqtime_L6_thermometry_20260719/attractive/Um3/Ntot012_n0.333333_b10p0_T0.100000_Nup006_Ndn006_r32_w5000_m50000_seed1907190044	1907190044	5000	50000	1	3	36	6	6	0.1	32	false	driver_default
45	attractive	Um3	-3.0	2.0	0.500000000000	0.500000000000	20	18	9	9	0.500000000000	ccsd	ceL6Um3N18b2p0	/home/9pm/nUHubbard/runs/ce_eqtime_L6_thermometry_20260719/attractive/Um3/Ntot018_n0.500000_b2p0_T0.500000_Nup009_Ndn009_r32_w5000_m50000_seed1907190045	1907190045	5000	50000	1	3	36	6	6	0.1	32	false	driver_default
46	attractive	Um3	-3.0	2.2	0.454545454545	0.454545454545	22	18	9	9	0.500000000000	ccsd	ceL6Um3N18b2p2	/home/9pm/nUHubbard/runs/ce_eqtime_L6_thermometry_20260719/attractive/Um3/Ntot018_n0.500000_b2p2_T0.454545_Nup009_Ndn009_r32_w5000_m50000_seed1907190046	1907190046	5000	50000	1	3	36	6	6	0.1	32	false	driver_default
47	attractive	Um3	-3.0	2.5	0.400000000000	0.400000000000	25	18	9	9	0.500000000000	ccsd	ceL6Um3N18b2p5	/home/9pm/nUHubbard/runs/ce_eqtime_L6_thermometry_20260719/attractive/Um3/Ntot018_n0.500000_b2p5_T0.400000_Nup009_Ndn009_r32_w5000_m50000_seed1907190047	1907190047	5000	50000	1	3	36	6	6	0.1	32	false	driver_default
48	attractive	Um3	-3.0	2.9	0.344827586207	0.344827586207	29	18	9	9	0.500000000000	ccsd	ceL6Um3N18b2p9	/home/9pm/nUHubbard/runs/ce_eqtime_L6_thermometry_20260719/attractive/Um3/Ntot018_n0.500000_b2p9_T0.344828_Nup009_Ndn009_r32_w5000_m50000_seed1907190048	1907190048	5000	50000	1	3	36	6	6	0.1	32	false	driver_default
49	attractive	Um3	-3.0	3.3	0.303030303030	0.303030303030	33	18	9	9	0.500000000000	ccsd	ceL6Um3N18b3p3	/home/9pm/nUHubbard/runs/ce_eqtime_L6_thermometry_20260719/attractive/Um3/Ntot018_n0.500000_b3p3_T0.303030_Nup009_Ndn009_r32_w5000_m50000_seed1907190049	1907190049	5000	50000	1	3	36	6	6	0.1	32	false	driver_default
50	attractive	Um3	-3.0	4.0	0.250000000000	0.250000000000	40	18	9	9	0.500000000000	ccsd	ceL6Um3N18b4p0	/home/9pm/nUHubbard/runs/ce_eqtime_L6_thermometry_20260719/attractive/Um3/Ntot018_n0.500000_b4p0_T0.250000_Nup009_Ndn009_r32_w5000_m50000_seed1907190050	1907190050	5000	50000	1	3	36	6	6	0.1	32	false	driver_default
51	attractive	Um3	-3.0	5.0	0.200000000000	0.200000000000	50	18	9	9	0.500000000000	ccsd	ceL6Um3N18b5p0	/home/9pm/nUHubbard/runs/ce_eqtime_L6_thermometry_20260719/attractive/Um3/Ntot018_n0.500000_b5p0_T0.200000_Nup009_Ndn009_r32_w5000_m50000_seed1907190051	1907190051	5000	50000	1	3	36	6	6	0.1	32	false	driver_default
52	attractive	Um3	-3.0	6.7	0.149253731343	0.149253731343	67	18	9	9	0.500000000000	ccsd	ceL6Um3N18b6p7	/home/9pm/nUHubbard/runs/ce_eqtime_L6_thermometry_20260719/attractive/Um3/Ntot018_n0.500000_b6p7_T0.149254_Nup009_Ndn009_r32_w5000_m50000_seed1907190052	1907190052	5000	50000	1	3	36	6	6	0.1	32	false	driver_default
53	attractive	Um3	-3.0	10.0	0.100000000000	0.100000000000	100	18	9	9	0.500000000000	ccsd	ceL6Um3N18b10p0	/home/9pm/nUHubbard/runs/ce_eqtime_L6_thermometry_20260719/attractive/Um3/Ntot018_n0.500000_b10p0_T0.100000_Nup009_Ndn009_r32_w5000_m50000_seed1907190053	1907190053	5000	50000	1	3	36	6	6	0.1	32	false	driver_default
54	attractive	Um3	-3.0	2.0	0.500000000000	0.500000000000	20	26	13	13	0.722222222222	ccsd	ceL6Um3N26b2p0	/home/9pm/nUHubbard/runs/ce_eqtime_L6_thermometry_20260719/attractive/Um3/Ntot026_n0.722222_b2p0_T0.500000_Nup013_Ndn013_r32_w5000_m50000_seed1907190054	1907190054	5000	50000	1	3	36	6	6	0.1	32	false	driver_default
55	attractive	Um3	-3.0	2.2	0.454545454545	0.454545454545	22	26	13	13	0.722222222222	ccsd	ceL6Um3N26b2p2	/home/9pm/nUHubbard/runs/ce_eqtime_L6_thermometry_20260719/attractive/Um3/Ntot026_n0.722222_b2p2_T0.454545_Nup013_Ndn013_r32_w5000_m50000_seed1907190055	1907190055	5000	50000	1	3	36	6	6	0.1	32	false	driver_default
56	attractive	Um3	-3.0	2.5	0.400000000000	0.400000000000	25	26	13	13	0.722222222222	ccsd	ceL6Um3N26b2p5	/home/9pm/nUHubbard/runs/ce_eqtime_L6_thermometry_20260719/attractive/Um3/Ntot026_n0.722222_b2p5_T0.400000_Nup013_Ndn013_r32_w5000_m50000_seed1907190056	1907190056	5000	50000	1	3	36	6	6	0.1	32	false	driver_default
57	attractive	Um3	-3.0	2.9	0.344827586207	0.344827586207	29	26	13	13	0.722222222222	ccsd	ceL6Um3N26b2p9	/home/9pm/nUHubbard/runs/ce_eqtime_L6_thermometry_20260719/attractive/Um3/Ntot026_n0.722222_b2p9_T0.344828_Nup013_Ndn013_r32_w5000_m50000_seed1907190057	1907190057	5000	50000	1	3	36	6	6	0.1	32	false	driver_default
58	attractive	Um3	-3.0	3.3	0.303030303030	0.303030303030	33	26	13	13	0.722222222222	ccsd	ceL6Um3N26b3p3	/home/9pm/nUHubbard/runs/ce_eqtime_L6_thermometry_20260719/attractive/Um3/Ntot026_n0.722222_b3p3_T0.303030_Nup013_Ndn013_r32_w5000_m50000_seed1907190058	1907190058	5000	50000	1	3	36	6	6	0.1	32	false	driver_default
59	attractive	Um3	-3.0	4.0	0.250000000000	0.250000000000	40	26	13	13	0.722222222222	ccsd	ceL6Um3N26b4p0	/home/9pm/nUHubbard/runs/ce_eqtime_L6_thermometry_20260719/attractive/Um3/Ntot026_n0.722222_b4p0_T0.250000_Nup013_Ndn013_r32_w5000_m50000_seed1907190059	1907190059	5000	50000	1	3	36	6	6	0.1	32	false	driver_default
60	attractive	Um3	-3.0	5.0	0.200000000000	0.200000000000	50	26	13	13	0.722222222222	ccsd	ceL6Um3N26b5p0	/home/9pm/nUHubbard/runs/ce_eqtime_L6_thermometry_20260719/attractive/Um3/Ntot026_n0.722222_b5p0_T0.200000_Nup013_Ndn013_r32_w5000_m50000_seed1907190060	1907190060	5000	50000	1	3	36	6	6	0.1	32	false	driver_default
61	attractive	Um3	-3.0	6.7	0.149253731343	0.149253731343	67	26	13	13	0.722222222222	ccsd	ceL6Um3N26b6p7	/home/9pm/nUHubbard/runs/ce_eqtime_L6_thermometry_20260719/attractive/Um3/Ntot026_n0.722222_b6p7_T0.149254_Nup013_Ndn013_r32_w5000_m50000_seed1907190061	1907190061	5000	50000	1	3	36	6	6	0.1	32	false	driver_default
62	attractive	Um3	-3.0	10.0	0.100000000000	0.100000000000	100	26	13	13	0.722222222222	ccsd	ceL6Um3N26b10p0	/home/9pm/nUHubbard/runs/ce_eqtime_L6_thermometry_20260719/attractive/Um3/Ntot026_n0.722222_b10p0_T0.100000_Nup013_Ndn013_r32_w5000_m50000_seed1907190062	1907190062	5000	50000	1	3	36	6	6	0.1	32	false	driver_default
63	attractive	Um3	-3.0	2.0	0.500000000000	0.500000000000	20	32	16	16	0.888888888889	ccsd	ceL6Um3N32b2p0	/home/9pm/nUHubbard/runs/ce_eqtime_L6_thermometry_20260719/attractive/Um3/Ntot032_n0.888889_b2p0_T0.500000_Nup016_Ndn016_r32_w5000_m50000_seed1907190063	1907190063	5000	50000	1	3	36	6	6	0.1	32	false	driver_default
64	attractive	Um3	-3.0	2.2	0.454545454545	0.454545454545	22	32	16	16	0.888888888889	ccsd	ceL6Um3N32b2p2	/home/9pm/nUHubbard/runs/ce_eqtime_L6_thermometry_20260719/attractive/Um3/Ntot032_n0.888889_b2p2_T0.454545_Nup016_Ndn016_r32_w5000_m50000_seed1907190064	1907190064	5000	50000	1	3	36	6	6	0.1	32	false	driver_default
65	attractive	Um3	-3.0	2.5	0.400000000000	0.400000000000	25	32	16	16	0.888888888889	ccsd	ceL6Um3N32b2p5	/home/9pm/nUHubbard/runs/ce_eqtime_L6_thermometry_20260719/attractive/Um3/Ntot032_n0.888889_b2p5_T0.400000_Nup016_Ndn016_r32_w5000_m50000_seed1907190065	1907190065	5000	50000	1	3	36	6	6	0.1	32	false	driver_default
66	attractive	Um3	-3.0	2.9	0.344827586207	0.344827586207	29	32	16	16	0.888888888889	ccsd	ceL6Um3N32b2p9	/home/9pm/nUHubbard/runs/ce_eqtime_L6_thermometry_20260719/attractive/Um3/Ntot032_n0.888889_b2p9_T0.344828_Nup016_Ndn016_r32_w5000_m50000_seed1907190066	1907190066	5000	50000	1	3	36	6	6	0.1	32	false	driver_default
67	attractive	Um3	-3.0	3.3	0.303030303030	0.303030303030	33	32	16	16	0.888888888889	ccsd	ceL6Um3N32b3p3	/home/9pm/nUHubbard/runs/ce_eqtime_L6_thermometry_20260719/attractive/Um3/Ntot032_n0.888889_b3p3_T0.303030_Nup016_Ndn016_r32_w5000_m50000_seed1907190067	1907190067	5000	50000	1	3	36	6	6	0.1	32	false	driver_default
68	attractive	Um3	-3.0	4.0	0.250000000000	0.250000000000	40	32	16	16	0.888888888889	ccsd	ceL6Um3N32b4p0	/home/9pm/nUHubbard/runs/ce_eqtime_L6_thermometry_20260719/attractive/Um3/Ntot032_n0.888889_b4p0_T0.250000_Nup016_Ndn016_r32_w5000_m50000_seed1907190068	1907190068	5000	50000	1	3	36	6	6	0.1	32	false	driver_default
69	attractive	Um3	-3.0	5.0	0.200000000000	0.200000000000	50	32	16	16	0.888888888889	ccsd	ceL6Um3N32b5p0	/home/9pm/nUHubbard/runs/ce_eqtime_L6_thermometry_20260719/attractive/Um3/Ntot032_n0.888889_b5p0_T0.200000_Nup016_Ndn016_r32_w5000_m50000_seed1907190069	1907190069	5000	50000	1	3	36	6	6	0.1	32	false	driver_default
70	attractive	Um3	-3.0	6.7	0.149253731343	0.149253731343	67	32	16	16	0.888888888889	ccsd	ceL6Um3N32b6p7	/home/9pm/nUHubbard/runs/ce_eqtime_L6_thermometry_20260719/attractive/Um3/Ntot032_n0.888889_b6p7_T0.149254_Nup016_Ndn016_r32_w5000_m50000_seed1907190070	1907190070	5000	50000	1	3	36	6	6	0.1	32	false	driver_default
71	attractive	Um3	-3.0	10.0	0.100000000000	0.100000000000	100	32	16	16	0.888888888889	ccsd	ceL6Um3N32b10p0	/home/9pm/nUHubbard/runs/ce_eqtime_L6_thermometry_20260719/attractive/Um3/Ntot032_n0.888889_b10p0_T0.100000_Nup016_Ndn016_r32_w5000_m50000_seed1907190071	1907190071	5000	50000	1	3	36	6	6	0.1	32	false	driver_default
