idx	U_label	U	beta	T	Ntot	Nup	Ndn	density	L8_reference_Ntot	L8_reference_density	mu_L8_reference	ce_method	gce_method	stage
0	Um5	-5.0	2.0	0.500000000000	12	6	6	0.333333333333	22	0.343750000000	-1.100238292371	QMC	QMC_mu_tuned_from_L8	interacting
1	Um5	-5.0	2.2	0.454545454545	12	6	6	0.333333333333	22	0.343750000000	-1.074035442859	QMC	QMC_mu_tuned_from_L8	interacting
2	Um5	-5.0	2.5	0.400000000000	12	6	6	0.333333333333	22	0.343750000000	-1.044521406192	QMC	QMC_mu_tuned_from_L8	interacting
3	Um5	-5.0	2.9	0.344827586207	12	6	6	0.333333333333	22	0.343750000000	-1.017674271571	QMC	QMC_mu_tuned_from_L8	interacting
4	Um5	-5.0	3.3	0.303030303030	12	6	6	0.333333333333	22	0.343750000000	-0.999308721898	QMC	QMC_mu_tuned_from_L8	interacting
5	Um5	-5.0	4.0	0.250000000000	12	6	6	0.333333333333	22	0.343750000000	-0.979311997108	QMC	QMC_mu_tuned_from_L8	interacting
6	Um5	-5.0	5.0	0.200000000000	12	6	6	0.333333333333	22	0.343750000000	-0.965448380035	QMC	QMC_mu_tuned_from_L8	interacting
7	Um5	-5.0	6.7	0.149253731343	12	6	6	0.333333333333	22	0.343750000000	-0.961905774706	QMC	QMC_mu_tuned_from_L8	interacting
8	Um5	-5.0	10.0	0.100000000000	12	6	6	0.333333333333	22	0.343750000000	-0.962119438542	QMC	QMC_mu_tuned_from_L8	interacting
9	Um5	-5.0	20.0	0.050000000000	12	6	6	0.333333333333	22	0.343750000000	-0.959652287530	QMC	QMC_mu_tuned_from_L8	interacting
10	Um5	-5.0	2.0	0.500000000000	18	9	9	0.500000000000	32	0.500000000000	-0.784441768957	QMC	QMC_mu_tuned_from_L8	interacting
11	Um5	-5.0	2.2	0.454545454545	18	9	9	0.500000000000	32	0.500000000000	-0.764002194788	QMC	QMC_mu_tuned_from_L8	interacting
12	Um5	-5.0	2.5	0.400000000000	18	9	9	0.500000000000	32	0.500000000000	-0.741092014715	QMC	QMC_mu_tuned_from_L8	interacting
13	Um5	-5.0	2.9	0.344827586207	18	9	9	0.500000000000	32	0.500000000000	-0.720134836299	QMC	QMC_mu_tuned_from_L8	interacting
14	Um5	-5.0	3.3	0.303030303030	18	9	9	0.500000000000	32	0.500000000000	-0.705852162058	QMC	QMC_mu_tuned_from_L8	interacting
15	Um5	-5.0	4.0	0.250000000000	18	9	9	0.500000000000	32	0.500000000000	-0.692002472583	QMC	QMC_mu_tuned_from_L8	interacting
16	Um5	-5.0	5.0	0.200000000000	18	9	9	0.500000000000	32	0.500000000000	-0.687412791970	QMC	QMC_mu_tuned_from_L8	interacting
17	Um5	-5.0	6.7	0.149253731343	18	9	9	0.500000000000	32	0.500000000000	-0.687498702279	QMC	QMC_mu_tuned_from_L8	interacting
18	Um5	-5.0	10.0	0.100000000000	18	9	9	0.500000000000	32	0.500000000000	-0.688767069484	QMC	QMC_mu_tuned_from_L8	interacting
19	Um5	-5.0	20.0	0.050000000000	18	9	9	0.500000000000	32	0.500000000000	-0.688283521957	QMC	QMC_mu_tuned_from_L8	interacting
20	Um5	-5.0	2.0	0.500000000000	26	13	13	0.722222222222	46	0.718750000000	-0.414854954262	QMC	QMC_mu_tuned_from_L8	interacting
21	Um5	-5.0	2.2	0.454545454545	26	13	13	0.722222222222	46	0.718750000000	-0.403129078052	QMC	QMC_mu_tuned_from_L8	interacting
22	Um5	-5.0	2.5	0.400000000000	26	13	13	0.722222222222	46	0.718750000000	-0.389565237587	QMC	QMC_mu_tuned_from_L8	interacting
23	Um5	-5.0	2.9	0.344827586207	26	13	13	0.722222222222	46	0.718750000000	-0.375839176292	QMC	QMC_mu_tuned_from_L8	interacting
24	Um5	-5.0	3.3	0.303030303030	26	13	13	0.722222222222	46	0.718750000000	-0.366593584863	QMC	QMC_mu_tuned_from_L8	interacting
25	Um5	-5.0	4.0	0.250000000000	26	13	13	0.722222222222	46	0.718750000000	-0.356865956269	QMC	QMC_mu_tuned_from_L8	interacting
26	Um5	-5.0	5.0	0.200000000000	26	13	13	0.722222222222	46	0.718750000000	-0.351101333972	QMC	QMC_mu_tuned_from_L8	interacting
27	Um5	-5.0	6.7	0.149253731343	26	13	13	0.722222222222	46	0.718750000000	-0.347327883510	QMC	QMC_mu_tuned_from_L8	interacting
28	Um5	-5.0	10.0	0.100000000000	26	13	13	0.722222222222	46	0.718750000000	-0.345549894879	QMC	QMC_mu_tuned_from_L8	interacting
29	Um5	-5.0	20.0	0.050000000000	26	13	13	0.722222222222	46	0.718750000000	-0.344567277786	QMC	QMC_mu_tuned_from_L8	interacting
30	Um5	-5.0	2.0	0.500000000000	32	16	16	0.888888888889	56	0.875000000000	-0.180081355595	QMC	QMC_mu_tuned_from_L8	interacting
31	Um5	-5.0	2.2	0.454545454545	32	16	16	0.888888888889	56	0.875000000000	-0.174202881087	QMC	QMC_mu_tuned_from_L8	interacting
32	Um5	-5.0	2.5	0.400000000000	32	16	16	0.888888888889	56	0.875000000000	-0.167684906130	QMC	QMC_mu_tuned_from_L8	interacting
33	Um5	-5.0	2.9	0.344827586207	32	16	16	0.888888888889	56	0.875000000000	-0.161908472110	QMC	QMC_mu_tuned_from_L8	interacting
34	Um5	-5.0	3.3	0.303030303030	32	16	16	0.888888888889	56	0.875000000000	-0.158261989608	QMC	QMC_mu_tuned_from_L8	interacting
35	Um5	-5.0	4.0	0.250000000000	32	16	16	0.888888888889	56	0.875000000000	-0.155480747118	QMC	QMC_mu_tuned_from_L8	interacting
36	Um5	-5.0	5.0	0.200000000000	32	16	16	0.888888888889	56	0.875000000000	-0.155802354362	QMC	QMC_mu_tuned_from_L8	interacting
37	Um5	-5.0	6.7	0.149253731343	32	16	16	0.888888888889	56	0.875000000000	-0.153611474076	QMC	QMC_mu_tuned_from_L8	interacting
38	Um5	-5.0	10.0	0.100000000000	32	16	16	0.888888888889	56	0.875000000000	-0.149735671866	QMC	QMC_mu_tuned_from_L8	interacting
39	Um5	-5.0	20.0	0.050000000000	32	16	16	0.888888888889	56	0.875000000000	-0.147709616209	QMC	QMC_mu_tuned_from_L8	interacting
40	Um3	-3.0	2.0	0.500000000000	12	6	6	0.333333333333	22	0.343750000000	-1.420448455508	QMC	QMC_mu_tuned_from_L8	interacting
41	Um3	-3.0	2.2	0.454545454545	12	6	6	0.333333333333	22	0.343750000000	-1.395313150327	QMC	QMC_mu_tuned_from_L8	interacting
42	Um3	-3.0	2.5	0.400000000000	12	6	6	0.333333333333	22	0.343750000000	-1.366618934393	QMC	QMC_mu_tuned_from_L8	interacting
43	Um3	-3.0	2.9	0.344827586207	12	6	6	0.333333333333	22	0.343750000000	-1.338065971776	QMC	QMC_mu_tuned_from_L8	interacting
44	Um3	-3.0	3.3	0.303030303030	12	6	6	0.333333333333	22	0.343750000000	-1.316371051805	QMC	QMC_mu_tuned_from_L8	interacting
45	Um3	-3.0	4.0	0.250000000000	12	6	6	0.333333333333	22	0.343750000000	-1.286724073715	QMC	QMC_mu_tuned_from_L8	interacting
46	Um3	-3.0	5.0	0.200000000000	12	6	6	0.333333333333	22	0.343750000000	-1.255785763873	QMC	QMC_mu_tuned_from_L8	interacting
47	Um3	-3.0	6.7	0.149253731343	12	6	6	0.333333333333	22	0.343750000000	-1.224782483323	QMC	QMC_mu_tuned_from_L8	interacting
48	Um3	-3.0	10.0	0.100000000000	12	6	6	0.333333333333	22	0.343750000000	-1.207415996337	QMC	QMC_mu_tuned_from_L8	interacting
49	Um3	-3.0	20.0	0.050000000000	12	6	6	0.333333333333	22	0.343750000000	-1.206860486707	QMC	QMC_mu_tuned_from_L8	interacting
50	Um3	-3.0	2.0	0.500000000000	18	9	9	0.500000000000	32	0.500000000000	-0.995097511979	QMC	QMC_mu_tuned_from_L8	interacting
51	Um3	-3.0	2.2	0.454545454545	18	9	9	0.500000000000	32	0.500000000000	-0.974689258989	QMC	QMC_mu_tuned_from_L8	interacting
52	Um3	-3.0	2.5	0.400000000000	18	9	9	0.500000000000	32	0.500000000000	-0.952409046870	QMC	QMC_mu_tuned_from_L8	interacting
53	Um3	-3.0	2.9	0.344827586207	18	9	9	0.500000000000	32	0.500000000000	-0.932970039959	QMC	QMC_mu_tuned_from_L8	interacting
54	Um3	-3.0	3.3	0.303030303030	18	9	9	0.500000000000	32	0.500000000000	-0.921189864367	QMC	QMC_mu_tuned_from_L8	interacting
55	Um3	-3.0	4.0	0.250000000000	18	9	9	0.500000000000	32	0.500000000000	-0.910117561257	QMC	QMC_mu_tuned_from_L8	interacting
56	Um3	-3.0	5.0	0.200000000000	18	9	9	0.500000000000	32	0.500000000000	-0.903510157660	QMC	QMC_mu_tuned_from_L8	interacting
57	Um3	-3.0	6.7	0.149253731343	18	9	9	0.500000000000	32	0.500000000000	-0.898528780395	QMC	QMC_mu_tuned_from_L8	interacting
58	Um3	-3.0	10.0	0.100000000000	18	9	9	0.500000000000	32	0.500000000000	-0.892327158267	QMC	QMC_mu_tuned_from_L8	interacting
59	Um3	-3.0	20.0	0.050000000000	18	9	9	0.500000000000	32	0.500000000000	-0.888926365689	QMC	QMC_mu_tuned_from_L8	interacting
60	Um3	-3.0	2.0	0.500000000000	26	13	13	0.722222222222	46	0.718750000000	-0.512139415341	QMC	QMC_mu_tuned_from_L8	interacting
61	Um3	-3.0	2.2	0.454545454545	26	13	13	0.722222222222	46	0.718750000000	-0.497167820575	QMC	QMC_mu_tuned_from_L8	interacting
62	Um3	-3.0	2.5	0.400000000000	26	13	13	0.722222222222	46	0.718750000000	-0.478860444131	QMC	QMC_mu_tuned_from_L8	interacting
63	Um3	-3.0	2.9	0.344827586207	26	13	13	0.722222222222	46	0.718750000000	-0.459003161469	QMC	QMC_mu_tuned_from_L8	interacting
64	Um3	-3.0	3.3	0.303030303030	26	13	13	0.722222222222	46	0.718750000000	-0.442970268190	QMC	QMC_mu_tuned_from_L8	interacting
65	Um3	-3.0	4.0	0.250000000000	26	13	13	0.722222222222	46	0.718750000000	-0.419326120219	QMC	QMC_mu_tuned_from_L8	interacting
66	Um3	-3.0	5.0	0.200000000000	26	13	13	0.722222222222	46	0.718750000000	-0.391659186210	QMC	QMC_mu_tuned_from_L8	interacting
67	Um3	-3.0	6.7	0.149253731343	26	13	13	0.722222222222	46	0.718750000000	-0.358854688951	QMC	QMC_mu_tuned_from_L8	interacting
68	Um3	-3.0	10.0	0.100000000000	26	13	13	0.722222222222	46	0.718750000000	-0.339220117358	QMC	QMC_mu_tuned_from_L8	interacting
69	Um3	-3.0	20.0	0.050000000000	26	13	13	0.722222222222	46	0.718750000000	-0.339286176705	QMC	QMC_mu_tuned_from_L8	interacting
70	Um3	-3.0	2.0	0.500000000000	32	16	16	0.888888888889	56	0.875000000000	-0.217854526212	QMC	QMC_mu_tuned_from_L8	interacting
71	Um3	-3.0	2.2	0.454545454545	32	16	16	0.888888888889	56	0.875000000000	-0.209627581969	QMC	QMC_mu_tuned_from_L8	interacting
72	Um3	-3.0	2.5	0.400000000000	32	16	16	0.888888888889	56	0.875000000000	-0.198392141291	QMC	QMC_mu_tuned_from_L8	interacting
73	Um3	-3.0	2.9	0.344827586207	32	16	16	0.888888888889	56	0.875000000000	-0.185483606708	QMC	QMC_mu_tuned_from_L8	interacting
74	Um3	-3.0	3.3	0.303030303030	32	16	16	0.888888888889	56	0.875000000000	-0.173687149680	QMC	QMC_mu_tuned_from_L8	interacting
75	Um3	-3.0	4.0	0.250000000000	32	16	16	0.888888888889	56	0.875000000000	-0.155820011399	QMC	QMC_mu_tuned_from_L8	interacting
76	Um3	-3.0	5.0	0.200000000000	32	16	16	0.888888888889	56	0.875000000000	-0.137403546708	QMC	QMC_mu_tuned_from_L8	interacting
77	Um3	-3.0	6.7	0.149253731343	32	16	16	0.888888888889	56	0.875000000000	-0.121316818419	QMC	QMC_mu_tuned_from_L8	interacting
78	Um3	-3.0	10.0	0.100000000000	32	16	16	0.888888888889	56	0.875000000000	-0.115459339224	QMC	QMC_mu_tuned_from_L8	interacting
79	Um3	-3.0	20.0	0.050000000000	32	16	16	0.888888888889	56	0.875000000000	-0.111865592500	QMC	QMC_mu_tuned_from_L8	interacting
80	U0	0.0	2.0	0.500000000000	12	6	6	0.333333333333	22	0.343750000000	-2.212887531699	exact	exact	exact_u0
81	U0	0.0	2.2	0.454545454545	12	6	6	0.333333333333	22	0.343750000000	-2.189268153474	exact	exact	exact_u0
82	U0	0.0	2.5	0.400000000000	12	6	6	0.333333333333	22	0.343750000000	-2.162038012089	exact	exact	exact_u0
83	U0	0.0	2.9	0.344827586207	12	6	6	0.333333333333	22	0.343750000000	-2.134431447503	exact	exact	exact_u0
84	U0	0.0	3.3	0.303030303030	12	6	6	0.333333333333	22	0.343750000000	-2.112284273185	exact	exact	exact_u0
85	U0	0.0	4.0	0.250000000000	12	6	6	0.333333333333	22	0.343750000000	-2.081095374354	exact	exact	exact_u0
86	U0	0.0	5.0	0.200000000000	12	6	6	0.333333333333	22	0.343750000000	-2.048517389341	exact	exact	exact_u0
87	U0	0.0	6.7	0.149253731343	12	6	6	0.333333333333	22	0.343750000000	-2.017954286541	exact	exact	exact_u0
88	U0	0.0	10.0	0.100000000000	12	6	6	0.333333333333	22	0.343750000000	-2.002128432790	exact	exact	exact_u0
89	U0	0.0	20.0	0.050000000000	12	6	6	0.333333333333	22	0.343750000000	-2.000003252769	exact	exact	exact_u0
90	U0	0.0	2.0	0.500000000000	18	9	9	0.500000000000	32	0.500000000000	-1.562541921250	exact	exact	exact_u0
91	U0	0.0	2.2	0.454545454545	18	9	9	0.500000000000	32	0.500000000000	-1.544494733972	exact	exact	exact_u0
92	U0	0.0	2.5	0.400000000000	18	9	9	0.500000000000	32	0.500000000000	-1.525806409459	exact	exact	exact_u0
93	U0	0.0	2.9	0.344827586207	18	9	9	0.500000000000	32	0.500000000000	-1.510965280951	exact	exact	exact_u0
94	U0	0.0	3.3	0.303030303030	18	9	9	0.500000000000	32	0.500000000000	-1.502795335469	exact	exact	exact_u0
95	U0	0.0	4.0	0.250000000000	18	9	9	0.500000000000	32	0.500000000000	-1.495861915154	exact	exact	exact_u0
96	U0	0.0	5.0	0.200000000000	18	9	9	0.500000000000	32	0.500000000000	-1.490660925883	exact	exact	exact_u0
97	U0	0.0	6.7	0.149253731343	18	9	9	0.500000000000	32	0.500000000000	-1.481731899084	exact	exact	exact_u0
98	U0	0.0	10.0	0.100000000000	18	9	9	0.500000000000	32	0.500000000000	-1.464328547231	exact	exact	exact_u0
99	U0	0.0	20.0	0.050000000000	18	9	9	0.500000000000	32	0.500000000000	-1.439753396261	exact	exact	exact_u0
100	U0	0.0	2.0	0.500000000000	26	13	13	0.722222222222	46	0.718750000000	-0.804240576635	exact	exact	exact_u0
101	U0	0.0	2.2	0.454545454545	26	13	13	0.722222222222	46	0.718750000000	-0.787414911735	exact	exact	exact_u0
102	U0	0.0	2.5	0.400000000000	26	13	13	0.722222222222	46	0.718750000000	-0.766086243674	exact	exact	exact_u0
103	U0	0.0	2.9	0.344827586207	26	13	13	0.722222222222	46	0.718750000000	-0.742354753686	exact	exact	exact_u0
104	U0	0.0	3.3	0.303030303030	26	13	13	0.722222222222	46	0.718750000000	-0.721925218105	exact	exact	exact_u0
105	U0	0.0	4.0	0.250000000000	26	13	13	0.722222222222	46	0.718750000000	-0.690918825451	exact	exact	exact_u0
106	U0	0.0	5.0	0.200000000000	26	13	13	0.722222222222	46	0.718750000000	-0.654420033216	exact	exact	exact_u0
107	U0	0.0	6.7	0.149253731343	26	13	13	0.722222222222	46	0.718750000000	-0.614028367620	exact	exact	exact_u0
108	U0	0.0	10.0	0.100000000000	26	13	13	0.722222222222	46	0.718750000000	-0.589426957408	exact	exact	exact_u0
109	U0	0.0	20.0	0.050000000000	26	13	13	0.722222222222	46	0.718750000000	-0.585792126518	exact	exact	exact_u0
110	U0	0.0	2.0	0.500000000000	32	16	16	0.888888888889	56	0.875000000000	-0.339924372508	exact	exact	exact_u0
111	U0	0.0	2.2	0.454545454545	32	16	16	0.888888888889	56	0.875000000000	-0.328878984684	exact	exact	exact_u0
112	U0	0.0	2.5	0.400000000000	32	16	16	0.888888888889	56	0.875000000000	-0.313399167687	exact	exact	exact_u0
113	U0	0.0	2.9	0.344827586207	32	16	16	0.888888888889	56	0.875000000000	-0.294336284568	exact	exact	exact_u0
114	U0	0.0	3.3	0.303030303030	32	16	16	0.888888888889	56	0.875000000000	-0.276940306160	exact	exact	exact_u0
115	U0	0.0	4.0	0.250000000000	32	16	16	0.888888888889	56	0.875000000000	-0.250373640489	exact	exact	exact_u0
116	U0	0.0	5.0	0.200000000000	32	16	16	0.888888888889	56	0.875000000000	-0.219638768219	exact	exact	exact_u0
117	U0	0.0	6.7	0.149253731343	32	16	16	0.888888888889	56	0.875000000000	-0.179992324572	exact	exact	exact_u0
118	U0	0.0	10.0	0.100000000000	32	16	16	0.888888888889	56	0.875000000000	-0.128336998094	exact	exact	exact_u0
119	U0	0.0	20.0	0.050000000000	32	16	16	0.888888888889	56	0.875000000000	-0.064961798338	exact	exact	exact_u0
120	Up3	3.0	2.0	0.500000000000	12	6	6	0.333333333333	22	0.343750000000	-3.346644605949	QMC	QMC_mu_tuned_from_L8	interacting
121	Up3	3.0	2.2	0.454545454545	12	6	6	0.333333333333	22	0.343750000000	-3.320419018164	QMC	QMC_mu_tuned_from_L8	interacting
122	Up3	3.0	2.5	0.400000000000	12	6	6	0.333333333333	22	0.343750000000	-3.291316966763	QMC	QMC_mu_tuned_from_L8	interacting
123	Up3	3.0	2.9	0.344827586207	12	6	6	0.333333333333	22	0.343750000000	-3.262404853663	QMC	QMC_mu_tuned_from_L8	interacting
124	Up3	3.0	3.3	0.303030303030	12	6	6	0.333333333333	22	0.343750000000	-3.239100333987	QMC	QMC_mu_tuned_from_L8	interacting
125	Up3	3.0	4.0	0.250000000000	12	6	6	0.333333333333	22	0.343750000000	-3.207438804261	QMC	QMC_mu_tuned_from_L8	interacting
126	Up3	3.0	5.0	0.200000000000	12	6	6	0.333333333333	22	0.343750000000	-3.174163223267	QMC	QMC_mu_tuned_from_L8	interacting
127	Up3	3.0	6.7	0.149253731343	12	6	6	0.333333333333	22	0.343750000000	-3.141656062908	QMC	QMC_mu_tuned_from_L8	interacting
128	Up3	3.0	10.0	0.100000000000	12	6	6	0.333333333333	22	0.343750000000	-3.123353500529	QMC	QMC_mu_tuned_from_L8	interacting
129	Up3	3.0	2.0	0.500000000000	18	9	9	0.500000000000	32	0.500000000000	-2.500236792942	QMC	QMC_mu_tuned_from_L8	interacting
130	Up3	3.0	2.2	0.454545454545	18	9	9	0.500000000000	32	0.500000000000	-2.478389555256	QMC	QMC_mu_tuned_from_L8	interacting
131	Up3	3.0	2.5	0.400000000000	18	9	9	0.500000000000	32	0.500000000000	-2.455630518403	QMC	QMC_mu_tuned_from_L8	interacting
132	Up3	3.0	2.9	0.344827586207	18	9	9	0.500000000000	32	0.500000000000	-2.436363859601	QMC	QMC_mu_tuned_from_L8	interacting
133	Up3	3.0	3.3	0.303030303030	18	9	9	0.500000000000	32	0.500000000000	-2.425042531514	QMC	QMC_mu_tuned_from_L8	interacting
134	Up3	3.0	4.0	0.250000000000	18	9	9	0.500000000000	32	0.500000000000	-2.414824244888	QMC	QMC_mu_tuned_from_L8	interacting
135	Up3	3.0	5.0	0.200000000000	18	9	9	0.500000000000	32	0.500000000000	-2.408837494665	QMC	QMC_mu_tuned_from_L8	interacting
136	Up3	3.0	6.7	0.149253731343	18	9	9	0.500000000000	32	0.500000000000	-2.401792472771	QMC	QMC_mu_tuned_from_L8	interacting
137	Up3	3.0	10.0	0.100000000000	18	9	9	0.500000000000	32	0.500000000000	-2.389284287149	QMC	QMC_mu_tuned_from_L8	interacting
138	Up3	3.0	2.0	0.500000000000	26	13	13	0.722222222222	46	0.718750000000	-1.418569513261	QMC	QMC_mu_tuned_from_L8	interacting
139	Up3	3.0	2.2	0.454545454545	26	13	13	0.722222222222	46	0.718750000000	-1.401535626813	QMC	QMC_mu_tuned_from_L8	interacting
140	Up3	3.0	2.5	0.400000000000	26	13	13	0.722222222222	46	0.718750000000	-1.379133382302	QMC	QMC_mu_tuned_from_L8	interacting
141	Up3	3.0	2.9	0.344827586207	26	13	13	0.722222222222	46	0.718750000000	-1.354730716559	QMC	QMC_mu_tuned_from_L8	interacting
142	Up3	3.0	3.3	0.303030303030	26	13	13	0.722222222222	46	0.718750000000	-1.333959617025	QMC	QMC_mu_tuned_from_L8	interacting
143	Up3	3.0	4.0	0.250000000000	26	13	13	0.722222222222	46	0.718750000000	-1.302955357143	QMC	QMC_mu_tuned_from_L8	interacting
144	Up3	3.0	5.0	0.200000000000	26	13	13	0.722222222222	46	0.718750000000	-1.267744013598	QMC	QMC_mu_tuned_from_L8	interacting
145	Up3	3.0	6.7	0.149253731343	26	13	13	0.722222222222	46	0.718750000000	-1.225806691450	QMC	QMC_mu_tuned_from_L8	interacting
146	Up3	3.0	10.0	0.100000000000	26	13	13	0.722222222222	46	0.718750000000	-1.194914574696	QMC	QMC_mu_tuned_from_L8	interacting
147	Up3	3.0	2.0	0.500000000000	32	16	16	0.888888888889	56	0.875000000000	-0.653907845912	QMC	QMC_mu_tuned_from_L8	interacting
148	Up3	3.0	2.2	0.454545454545	32	16	16	0.888888888889	56	0.875000000000	-0.647056549572	QMC	QMC_mu_tuned_from_L8	interacting
149	Up3	3.0	2.5	0.400000000000	32	16	16	0.888888888889	56	0.875000000000	-0.637708744539	QMC	QMC_mu_tuned_from_L8	interacting
150	Up3	3.0	2.9	0.344827586207	32	16	16	0.888888888889	56	0.875000000000	-0.626480560627	QMC	QMC_mu_tuned_from_L8	interacting
151	Up3	3.0	3.3	0.303030303030	32	16	16	0.888888888889	56	0.875000000000	-0.615946429222	QMC	QMC_mu_tuned_from_L8	interacting
152	Up3	3.0	4.0	0.250000000000	32	16	16	0.888888888889	56	0.875000000000	-0.599553800400	QMC	QMC_mu_tuned_from_L8	interacting
153	Up3	3.0	5.0	0.200000000000	32	16	16	0.888888888889	56	0.875000000000	-0.580797041999	QMC	QMC_mu_tuned_from_L8	interacting
154	Up3	3.0	6.7	0.149253731343	32	16	16	0.888888888889	56	0.875000000000	-0.558573688064	QMC	QMC_mu_tuned_from_L8	interacting
155	Up3	3.0	10.0	0.100000000000	32	16	16	0.888888888889	56	0.875000000000	-0.530637387950	QMC	QMC_mu_tuned_from_L8	interacting
156	Up5	5.0	2.0	0.500000000000	12	6	6	0.333333333333	22	0.343750000000	-4.216651990574	QMC	QMC_mu_tuned_from_L8	interacting
157	Up5	5.0	2.2	0.454545454545	12	6	6	0.333333333333	22	0.343750000000	-4.188887152235	QMC	QMC_mu_tuned_from_L8	interacting
158	Up5	5.0	2.5	0.400000000000	12	6	6	0.333333333333	22	0.343750000000	-4.157155960421	QMC	QMC_mu_tuned_from_L8	interacting
159	Up5	5.0	2.9	0.344827586207	12	6	6	0.333333333333	22	0.343750000000	-4.125489175792	QMC	QMC_mu_tuned_from_L8	interacting
160	Up5	5.0	3.3	0.303030303030	12	6	6	0.333333333333	22	0.343750000000	-4.101248094793	QMC	QMC_mu_tuned_from_L8	interacting
161	Up5	5.0	4.0	0.250000000000	12	6	6	0.333333333333	22	0.343750000000	-4.068318573186	QMC	QMC_mu_tuned_from_L8	interacting
162	Up5	5.0	5.0	0.200000000000	12	6	6	0.333333333333	22	0.343750000000	-4.034260343227	QMC	QMC_mu_tuned_from_L8	interacting
163	Up5	5.0	6.7	0.149253731343	12	6	6	0.333333333333	22	0.343750000000	-4.000289541544	QMC	QMC_mu_tuned_from_L8	interacting
164	Up5	5.0	10.0	0.100000000000	12	6	6	0.333333333333	22	0.343750000000	-3.978505973158	QMC	QMC_mu_tuned_from_L8	interacting
165	Up5	5.0	2.0	0.500000000000	18	9	9	0.500000000000	32	0.500000000000	-3.294714508400	QMC	QMC_mu_tuned_from_L8	interacting
166	Up5	5.0	2.2	0.454545454545	18	9	9	0.500000000000	32	0.500000000000	-3.269791488526	QMC	QMC_mu_tuned_from_L8	interacting
167	Up5	5.0	2.5	0.400000000000	18	9	9	0.500000000000	32	0.500000000000	-3.241906559964	QMC	QMC_mu_tuned_from_L8	interacting
168	Up5	5.0	2.9	0.344827586207	18	9	9	0.500000000000	32	0.500000000000	-3.216903770400	QMC	QMC_mu_tuned_from_L8	interacting
169	Up5	5.0	3.3	0.303030303030	18	9	9	0.500000000000	32	0.500000000000	-3.201736627570	QMC	QMC_mu_tuned_from_L8	interacting
170	Up5	5.0	4.0	0.250000000000	18	9	9	0.500000000000	32	0.500000000000	-3.187048503042	QMC	QMC_mu_tuned_from_L8	interacting
171	Up5	5.0	5.0	0.200000000000	18	9	9	0.500000000000	32	0.500000000000	-3.178989277998	QMC	QMC_mu_tuned_from_L8	interacting
172	Up5	5.0	6.7	0.149253731343	18	9	9	0.500000000000	32	0.500000000000	-3.172548161098	QMC	QMC_mu_tuned_from_L8	interacting
173	Up5	5.0	10.0	0.100000000000	18	9	9	0.500000000000	32	0.500000000000	-3.163074633302	QMC	QMC_mu_tuned_from_L8	interacting
174	Up5	5.0	2.0	0.500000000000	26	13	13	0.722222222222	46	0.718750000000	-2.067791692997	QMC	QMC_mu_tuned_from_L8	interacting
175	Up5	5.0	2.2	0.454545454545	26	13	13	0.722222222222	46	0.718750000000	-2.047800704269	QMC	QMC_mu_tuned_from_L8	interacting
176	Up5	5.0	2.5	0.400000000000	26	13	13	0.722222222222	46	0.718750000000	-2.021798511060	QMC	QMC_mu_tuned_from_L8	interacting
177	Up5	5.0	2.9	0.344827586207	26	13	13	0.722222222222	46	0.718750000000	-1.992811704072	QMC	QMC_mu_tuned_from_L8	interacting
178	Up5	5.0	3.3	0.303030303030	26	13	13	0.722222222222	46	0.718750000000	-1.968804438120	QMC	QMC_mu_tuned_from_L8	interacting
179	Up5	5.0	4.0	0.250000000000	26	13	13	0.722222222222	46	0.718750000000	-1.934699818744	QMC	QMC_mu_tuned_from_L8	interacting
180	Up5	5.0	5.0	0.200000000000	26	13	13	0.722222222222	46	0.718750000000	-1.894197943649	QMC	QMC_mu_tuned_from_L8	interacting
181	Up5	5.0	6.7	0.149253731343	26	13	13	0.722222222222	46	0.718750000000	-1.841785571820	QMC	QMC_mu_tuned_from_L8	interacting
182	Up5	5.0	10.0	0.100000000000	26	13	13	0.722222222222	46	0.718750000000	-1.940068543284	QMC	QMC_mu_tuned_from_L8	interacting
183	Up5	5.0	2.0	0.500000000000	32	16	16	0.888888888889	56	0.875000000000	-1.110990737077	QMC	QMC_mu_tuned_from_L8	interacting
184	Up5	5.0	2.2	0.454545454545	32	16	16	0.888888888889	56	0.875000000000	-1.111034127907	QMC	QMC_mu_tuned_from_L8	interacting
185	Up5	5.0	2.5	0.400000000000	32	16	16	0.888888888889	56	0.875000000000	-1.110819975307	QMC	QMC_mu_tuned_from_L8	interacting
186	Up5	5.0	2.9	0.344827586207	32	16	16	0.888888888889	56	0.875000000000	-1.109800115140	QMC	QMC_mu_tuned_from_L8	interacting
187	Up5	5.0	3.3	0.303030303030	32	16	16	0.888888888889	56	0.875000000000	-1.108326970283	QMC	QMC_mu_tuned_from_L8	interacting
188	Up5	5.0	4.0	0.250000000000	32	16	16	0.888888888889	56	0.875000000000	-1.105273513017	QMC	QMC_mu_tuned_from_L8	interacting
189	Up5	5.0	5.0	0.200000000000	32	16	16	0.888888888889	56	0.875000000000	-1.099525088820	QMC	QMC_mu_tuned_from_L8	interacting
190	Up5	5.0	6.7	0.149253731343	32	16	16	0.888888888889	56	0.875000000000	-1.202309588119	QMC	QMC_mu_tuned_from_L8	interacting
191	Up5	5.0	10.0	0.100000000000	32	16	16	0.888888888889	56	0.875000000000	-1.142490512340	QMC	QMC_mu_tuned_from_L8	interacting
